INSERT INTO USER VALUES(111,'Daley');
INSERT INTO USER VALUES(112,'Ben');
INSERT INTO USER VALUES(113,'Sibi');


INSERT INTO RECIPES(RECIPE_ID,RECIPE_NAME,DISH_TYPE,INSTRUCTIONS,RATING)VALUES(1000,'OMLET','NON-VEG','FULLY COOKED','4');
INSERT INTO RECIPES(RECIPE_ID,RECIPE_NAME,DISH_TYPE,INSTRUCTIONS,RATING)VALUES(1001,'BIRIYANI','NON-VEG','BASMATHI RICE COOKED','3');
INSERT INTO RECIPES(RECIPE_ID,RECIPE_NAME,DISH_TYPE,INSTRUCTIONS,RATING)VALUES(1002,'FRIES','VEG','SWEET POTATO','5');
INSERT INTO RECIPES(RECIPE_ID,RECIPE_NAME,DISH_TYPE,INSTRUCTIONS,RATING)VALUES(1003,'BURGER','NON-VEG','OVEN COOKED BUN','3');


INSERT INTO FAVORITE_RECIPES(FAV_ID,USER_ID,RECIPE_ID,RATING,SERVINGS)
VALUES(1,111,1000,4,1);
INSERT INTO FAVORITE_RECIPES(FAV_ID,USER_ID,RECIPE_ID,RATING,SERVINGS)
VALUES(2,111,1003,5,1);
INSERT INTO FAVORITE_RECIPES(FAV_ID,USER_ID,RECIPE_ID,RATING,SERVINGS)
VALUES(3,112,1000,4,1);
INSERT INTO FAVORITE_RECIPES(FAV_ID,USER_ID,RECIPE_ID,RATING,SERVINGS)
VALUES(4,111,1000,4,1);
INSERT INTO FAVORITE_RECIPES(FAV_ID,USER_ID,RECIPE_ID,RATING,SERVINGS)
VALUES(5,112,1003,3,1);
INSERT INTO FAVORITE_RECIPES(FAV_ID,USER_ID,RECIPE_ID,RATING,SERVINGS)
VALUES(6,113,1003,3,1);






INSERT INTO INGREDIENTS VALUES(700,'EGG');
INSERT INTO INGREDIENTS VALUES(701,'SALT');
INSERT INTO INGREDIENTS VALUES(702,'PEPPER');
INSERT INTO INGREDIENTS VALUES(703,'ONION');
INSERT INTO INGREDIENTS VALUES(704,'RICE');
INSERT INTO INGREDIENTS VALUES(705,'CHICKEN');
INSERT INTO INGREDIENTS VALUES(706,'TOMATO');
INSERT INTO INGREDIENTS VALUES(707,'BUN');
INSERT INTO INGREDIENTS VALUES(708,'BEEF');
INSERT INTO INGREDIENTS VALUES(709,'LETUS');
INSERT INTO INGREDIENTS VALUES(710,'CHEESE');
INSERT INTO INGREDIENTS VALUES(711,'PAPARIKA');



INSERT INTO RECIPE_INGREDIENTS(RECIPE_ID_FK,INGREDIENTS_ID_FK) VALUES(1000,700);
INSERT INTO RECIPE_INGREDIENTS(RECIPE_ID_FK,INGREDIENTS_ID_FK) VALUES(1000,701);
INSERT INTO RECIPE_INGREDIENTS(RECIPE_ID_FK,INGREDIENTS_ID_FK) VALUES(1000,702);
INSERT INTO RECIPE_INGREDIENTS(RECIPE_ID_FK,INGREDIENTS_ID_FK) VALUES(1001,711);
INSERT INTO RECIPE_INGREDIENTS(RECIPE_ID_FK,INGREDIENTS_ID_FK) VALUES(1001,709);
INSERT INTO RECIPE_INGREDIENTS(RECIPE_ID_FK,INGREDIENTS_ID_FK) VALUES(1001,710);
INSERT INTO RECIPE_INGREDIENTS(RECIPE_ID_FK,INGREDIENTS_ID_FK) VALUES(1002,702);
INSERT INTO RECIPE_INGREDIENTS(RECIPE_ID_FK,INGREDIENTS_ID_FK) VALUES(1000,705);
INSERT INTO RECIPE_INGREDIENTS(RECIPE_ID_FK,INGREDIENTS_ID_FK) VALUES(1003,706);